id;code;commercial_category;commercial_category_pt;equipment_group;equipment_group_pt;spec_set;spec_set_pt;detail;detail_pt;unit_perceived_value;relative_value;display_name;display_order;is_key_feature;show_in_pdf;show_in_compare;tooltip_pt
123;IN_0007;Finishing;Acabamento;Dashboard finish;Acabamento do painel;Soft-Touch;Soft-touch;;;100.00;0.00;;;;;;
121;IN_0005;Finishing;Acabamento;Door panel finish;Acabamento de portas dianteiras;Soft-touch;Soft-touch;;;100.00;0.00;;;;;;
122;IN_0006;Finishing;Acabamento;Door panel finish;Acabamento de portas traseiras;Soft-touch;Soft-touch;;;100.00;0.00;;;;;;
119;IN_0003;Finishing;Acabamento;Seat Material;Material dos bancos;Seat Material;Material dos bancos;Artificial leather;Sintético;0.00;1710.00;;;;;;
117;IN_0001;Finishing;Acabamento;Seat Material;Material dos bancos;Seat Material;Material dos bancos;Fabric;Tecido;0.00;0.00;;;;;;
118;IN_0002;Finishing;Acabamento;Seat Material;Material dos bancos;Seat Material;Material dos bancos;Fabric + artificial leather;Tecido + Sintético;0.00;730.00;;;;;;
120;IN_0004;Finishing;Acabamento;Seat Material;Material dos bancos;Seat Material;Material dos bancos;Leather;Couro;0.00;3190.00;;;;;;
159;IN_0037;Finishing;Acabamento;Steering Wheel;Volante;Leather SW;Volante em couro;;;260.00;0.00;;;;;;
193;CO_0007;Audio & Connectivity;Audio & Conectividade;Conectivity;Conectividade;Bluetooth;Bluetooth;;;200.00;0.00;;;;;;
192;CO_0006;Audio & Connectivity;Audio & Conectividade;Conectivity;Conectividade;Multi-zone voice assistant;Assistente de voz multi-zona;;;250.00;0.00;;;;;;
194;CO_0008;Audio & Connectivity;Audio & Conectividade;Conectivity;Conectividade;Telematics;Telemetria;;;1000.00;0.00;;;;;;
191;CO_0005;Audio & Connectivity;Audio & Conectividade;Conectivity;Conectividade;Voice recognition control;Controle de reconhecimento de voz;;;240.00;0.00;;;;;;
195;CO_0009;Audio & Connectivity;Audio & Conectividade;Conectivity;Conectividade;Wi-Fi;Wi-Fi;;;500.00;0.00;;;;;;
220;CO_0030;Audio & Connectivity;Audio & Conectividade;Sound system;Sistema de som;Exterior amplifier;Amplificador exterior;;;600.00;0.00;;;;;;
221;CO_0031;Audio & Connectivity;Audio & Conectividade;Sound system;Sistema de som;Four Audio Zones(Voice command);Comando de voz de quatro zonas;;;100.00;0.00;;;;;;
216;CO_0026;Audio & Connectivity;Audio & Conectividade;Sound system;Sistema de som;Premium sound;Som premium;;;1710.00;0.00;;;;;;
217;CO_0027;Audio & Connectivity;Audio & Conectividade;Sound system;Sistema de som;Speakers;Auto falantes;;;50.00;0.00;;;;;;
219;CO_0029;Audio & Connectivity;Audio & Conectividade;Sound system;Sistema de som;Subwoofer;Subwoofers;;;200.00;0.00;;;;;;
218;CO_0028;Audio & Connectivity;Audio & Conectividade;Sound system;Sistema de som;Tweeters;Tweeters;;;50.00;0.00;;;;;;
161;IN_0039;Audio & Connectivity;Audio & Conectividade;Steering Wheel Control;Volante;Audio remote control;Controle de audio no volante;Audio remote control;;170.00;0.00;;;;;;
214;CO_0024;Audio & Connectivity;Audio & Conectividade;Touch screen display;Tela sensível ao toque;Built-In Navigation (GPS);GPS nativo;;;2970.00;0.00;;;;;;
208;CO_0019;Audio & Connectivity;Audio & Conectividade;Touch screen display;Tela sensível ao toque;Display Screen size;Tamanho da tela central;;;200.00;0.00;;;;;;
212;CO_0022;Audio & Connectivity;Audio & Conectividade;Touch screen display;Tela sensível ao toque;Multimedia connection;Conexăo multimedia;CarPlay | Android Auto (USB);;0.00;260.00;Conexăo android auto USB;;;;;
213;CO_0023;Audio & Connectivity;Audio & Conectividade;Touch screen display;Tela sensível ao toque;Multimedia connection;Conexăo multimedia;CarPlay | Android Auto (Wireless);;0.00;320.00;Conexăo android auto sem fio;;;;;
211;CO_1003;Audio & Connectivity;Audio & Conectividade;Touch screen display;Tela sensível ao toque;Multimedia connection;Conexăo multimedia;None;;0.00;0.00;;;;;;
215;CO_0025;Audio & Connectivity;Audio & Conectividade;Touch screen display;Tela sensível ao toque;OTA (Over-the-Air);Atualizaçăo de software remota;;;800.00;0.00;Atualizaçăo de software remota;;;;;
210;CO_0021;Audio & Connectivity;Audio & Conectividade;Touch screen display;Tela sensível ao toque;Rotating screen;Tela central rotativa;;;200.00;0.00;;;;;;
209;CO_0020;Audio & Connectivity;Audio & Conectividade;Touch screen display;Tela sensível ao toque;Sliding screen;Tela central deslizante;;;200.00;0.00;;;;;;
196;CO_0010;Audio & Connectivity;Audio & Conectividade;USB port (Type A);USB-A;FR;Dianteiro;;;90.00;0.00;;;;;;
197;CO_0011;Audio & Connectivity;Audio & Conectividade;USB port (Type A);USB-A;RR;Traseiro;;;90.00;0.00;;;;;;
198;CO_0053;Audio & Connectivity;Audio & Conectividade;USB port (Type C);USB-C;FR;Dianteiro;;;130.00;0.00;;;;;;
199;CO_0054;Audio & Connectivity;Audio & Conectividade;USB port (Type C);USB-C;RR;Traseiro;;;130.00;0.00;;;;;;
7;DM_0007;Cargo;Carga;Cargo space;Porta malas;Total;Total;;;0.00;0.00;;;;;;
6;DM_0006;Cargo;Carga;Cargo space;Porta malas;Trunk;Normal;;;0.00;0.00;;;;;;
245;CO_0052;Cargo;Carga;Retractable trunk cover;Capa retrátil do porta malas;Retractable trunk cover;Capa retrátil do porta malas;;;50.00;0.00;;;;;;
111;EX_0038;Cargo;Carga;Roof rack;Rack de teto;Roof rack;Rack de teto;;;450.00;0.00;;;;;;
143;IN_0024;Cargo;Carga;RR seat adjustment;Ajuste do banco traseiro;Luggage flat floor;Assoalho do porta malas nivelado;;;570.00;0.00;;;;;;
115;EX_0042;Cargo;Carga;Tailgate;Porta malas;Hands Free;Porta malas com sensor de presença;;;550.00;0.00;;;;;;
114;EX_0041;Cargo;Carga;Tailgate;Porta malas;Power;Porta malas elétrico;;;2000.00;0.00;;;;;;
227;CO_0035;Comfort;Conforto;Air Conditioner;Ar condicionado;A/C Type;Tipo de ar condicionado;Auto;;0.00;4040.00;;;;;;
228;CO_0036;Comfort;Conforto;Air Conditioner;Ar condicionado;A/C Type;Tipo de ar condicionado;Dual Zone;;0.00;4590.00;;;;;;
230;CO_0038;Comfort;Conforto;Air Conditioner;Ar condicionado;A/C Type;Tipo de ar condicionado;Quad Zone;;0.00;5390.00;;;;;;
229;CO_0037;Comfort;Conforto;Air Conditioner;Ar condicionado;A/C Type;Tipo de ar condicionado;Tri Zone;;0.00;4570.00;;;;;;
226;CO_0034;Comfort;Conforto;Air Conditioner;Ar condicionado;A/C Type;Tipo de ar condicionado;Manual;;0.00;3300.00;;;;;;
225;CO_1000;Comfort;Conforto;Air Conditioner;Ar condicionado;A/C Type;Tipo de ar condicionado;None;;0.00;0.00;;;;;;
232;CO_0040;Comfort;Conforto;Air Conditioner;Ar condicionado;Air ionizer;Ionizador de ar;;;50.00;0.00;;;;;;
231;CO_0039;Comfort;Conforto;Air Conditioner;Ar condicionado;Cabin air filter;Filtro de cabine;;;50.00;0.00;;;;;;
233;CO_0055;Comfort;Conforto;Air Conditioner;Ar condicionado;Fragrance System;Sistema de fragrância;;;200.00;0.00;;;;;;
234;CO_0041;Comfort;Conforto;Air Conditioner;Ar condicionado;Rear air vent;Duto de ar traseiro;;;260.00;0.00;;;;;;
235;CO_0042;Comfort;Conforto;Auto Rear Window Defogger;Desembaçador traseiro automático;Auto Rear Window Defogger;Desembaçador traseiro automático;;;100.00;0.00;;;;;;
222;CO_1010;Comfort;Conforto;Cruise Control;Controle de cruzeiro;Cruise Control;Controle de cruzeiro;None;;0.00;0.00;;;;;;
223;CO_0032;Comfort;Conforto;Cruise Control;Controle de cruzeiro;Cruise Control;Controle de cruzeiro;Regular;;0.00;350.00;;;;;;
224;CO_0033;Comfort;Conforto;Cruise Control;Controle de cruzeiro;Cruise Control;Controle de cruzeiro;Speed limitation system;;0.00;190.00;;;;;;
130;IN_0012;Comfort;Conforto;FR seat adjustament;Ajuste do banco dianteiro;Electric lumbar adjusment (Driver);Ajuste lombar elétrico do motorista;;;150.00;0.00;;;;;;
131;IN_0013;Comfort;Conforto;FR seat adjustament;Ajuste do banco dianteiro;Electric lumbar adjusment (passenger);Ajuste lombar elétrico do passageiro;;;150.00;0.00;;;;;;
132;IN_0014;Comfort;Conforto;FR seat adjustament;Ajuste do banco dianteiro;Leg power adjustment (driver);Ajuste de pernas elétrico do motorista;;;150.00;0.00;;;;;;
133;IN_0015;Comfort;Conforto;FR seat adjustament;Ajuste do banco dianteiro;Leg power adjustment (passenger);Ajuste de pernas elétrico do passageiro;;;150.00;0.00;;;;;;
128;IN_0010;Comfort;Conforto;FR seat adjustament;Ajuste do banco dianteiro;Manual lumbar adjusment (Driver);Ajuste lombar manual do motorista;;;80.00;0.00;;;;;;
129;IN_0011;Comfort;Conforto;FR seat adjustament;Ajuste do banco dianteiro;Manual lumbar adjusment (passenger);Ajuste lombar manual do passageiro;;;50.00;0.00;;;;;;
134;IN_0016;Comfort;Conforto;FR seat adjustament;Ajuste do banco dianteiro;Memory function (Driver);Funçăo de memória do banco para motorista;;;300.00;0.00;;;;;;
135;IN_0017;Comfort;Conforto;FR seat adjustament;Ajuste do banco dianteiro;Memory function (Passenger);Funçăo de memória do banco para passageiro;;;300.00;0.00;;;;;;
136;IN_0064;Comfort;Conforto;FR seat adjustament;Ajuste do banco dianteiro;Memory function (RR);Funçăo de memória do banco traseiro;;;600.00;0.00;;;;;;
124;IN_0008;Comfort;Conforto;FR seat adjustament;Ajuste do banco dianteiro;Power seat (Driver);Banco elétrico para motorista;;;600.00;0.00;;;;;;
125;IN_0009;Comfort;Conforto;FR seat adjustament;Ajuste do banco dianteiro;Power seat (Passenger);Banco elétrico para passageiro;;;600.00;0.00;;;;;;
126;IN_0062;Comfort;Conforto;FR seat adjustament;Ajuste do banco dianteiro;Power seat (RR left);Banco elétrico traseiro esquerdo;;;600.00;0.00;;;;;;
127;IN_0063;Comfort;Conforto;FR seat adjustament;Ajuste do banco dianteiro;Power seat (RR right);Banco elétrico traseiro direito;;;600.00;0.00;;;;;;
137;IN_0018;Comfort;Conforto;FR seat adjustament;Ajuste do banco dianteiro;Welcome function (Driver);Banco do motorista com funçăo welcome;;;100.00;0.00;;;;;;
181;IN_0054;Comfort;Conforto;Front armrest;Apoio braço dianteiro;FR armrest;Apoia braço dianteiro;;;210.00;0.00;;;;;;
182;IN_0055;Comfort;Conforto;Front armrest;Apoio braço dianteiro;RR armrest;Apoia braço traseiro;;;210.00;0.00;;;;;;
178;IN_0051;Comfort;Conforto;Glove box;Porta luvas;Cooling;Refrigerado;;;140.00;0.00;;;;;;
180;IN_0053;Comfort;Conforto;Glove box;Porta luvas;Damped;Com amortecimento;;;50.00;0.00;;;;;;
179;IN_0052;Comfort;Conforto;Glove box;Porta luvas;Illuminated;Iluminado;;;20.00;0.00;;;;;;
138;IN_0019;Comfort;Conforto;Headrest adjustment;Apoio de cabeça ajustável;Front row headrest adjustment;Apoio de cabeça dianteiro ajustável;;;20.00;0.00;;;;;;
139;IN_0020;Comfort;Conforto;Headrest adjustment;Apoio de cabeça ajustável;Second row headrest adjustment;Apoio de cabeça traseiro ajustável;;;20.00;0.00;;;;;;
174;IN_0060;Comfort;Conforto;I/S door handles;Maçanetas internas;Electric handles (FR);Maçanetas internas dianteiras elétricas;;;200.00;0.00;;;;;;
175;IN_0061;Comfort;Conforto;I/S door handles;Maçanetas internas;Electric handles (RR);Maçanetas internas traseiras elétricas;;;200.00;0.00;;;;;;
98;EX_0028;Comfort;Conforto;O/S mirror;Espelhos retrovisores externos;Electric folding;Rebatimento elétrico;;;270.00;0.00;;;;;;
104;EX_0032;Comfort;Conforto;O/S mirror;Espelhos retrovisores externos;Heated;Espelhos externos aquecidos;;;110.00;0.00;;;;;;
99;EX_0029;Comfort;Conforto;O/S mirror;Espelhos retrovisores externos;Memory function;Espelhos externos com memória;;;100.00;0.00;;;;;;
105;EX_0033;Comfort;Conforto;O/S mirror;Espelhos retrovisores externos;O/S electrochromic mirror (ECM);Espelhos externos eletrocrômicos;;;320.00;0.00;;;;;;
97;EX_0027;Comfort;Conforto;O/S mirror;Espelhos retrovisores externos;Power mirrors;Espelhos externos elétricos;;;170.00;0.00;;;;;;
103;EX_0031;Comfort;Conforto;O/S mirror;Espelhos retrovisores externos;Tilt down;Espelhos externos com rebatimento ŕ ré;Both;;0.00;130.00;;;;;;
102;EX_1006;Comfort;Conforto;O/S mirror;Espelhos retrovisores externos;Tilt down;Espelhos externos com rebatimento ŕ ré;Left;;0.00;130.00;;;;;;
100;EX_1012;Comfort;Conforto;O/S mirror;Espelhos retrovisores externos;Tilt down;Espelhos externos com rebatimento ŕ ré;None;;0.00;0.00;;;;;;
101;EX_0030;Comfort;Conforto;O/S mirror;Espelhos retrovisores externos;Tilt down;Espelhos externos com rebatimento ŕ ré;Right;;0.00;130.00;;;;;;
200;CO_0012;Comfort;Conforto;Power Outlet 12V;Saida 12V;Central console;Saida 12V no console central;;;60.00;0.00;;;;;;
201;CO_0013;Comfort;Conforto;Power Outlet 12V;Saida 12V;Luggage ;Saida 12V no porta malas;;;70.00;0.00;;;;;;
237;CO_0044;Comfort;Conforto;Power windows;Vidros elétricos;One-Touch;Vidros elétricos com one-touch;Down;;50.00;0.00;;;;;;
238;CO_0045;Comfort;Conforto;Power windows;Vidros elétricos;One-Touch;Vidros elétricos com one-touch;Up & Down;;110.00;0.00;;;;;;
236;CO_0043;Comfort;Conforto;Power windows;Vidros elétricos;Power;Vidros elétricos;Power;;150.00;0.00;;;;;;
289;SF_0043;Comfort;Conforto;Rain Sensor;Sensor de chuva;Rain Sensor;Sensor de chuva;;;310.00;0.00;;;;;;
140;IN_0021;Comfort;Conforto;RR seat adjustment;Ajuste do banco traseiro;Reclining;Banco traseiro reclinável;;;260.00;0.00;;;;;;
142;IN_0023;Comfort;Conforto;RR seat adjustment;Ajuste do banco traseiro;Split bench (4/2/4);Banco traseiro tripartido 40:20:40;;;270.00;0.00;;;;;;
141;IN_0022;Comfort;Conforto;RR seat adjustment;Ajuste do banco traseiro;Split bench (60/40);Banco traseiro bipartido 60:40;;;350.00;0.00;;;;;;
144;IN_0025;Comfort;Conforto;Seat heating;Aquecimento de bancos;Heated (Driver);Banco do motorista com aquecimento;;;550.00;0.00;;;;;;
145;IN_0026;Comfort;Conforto;Seat heating;Aquecimento de bancos;Heated (Passenger);Banco do passageiro com aquecimento;;;550.00;0.00;;;;;;
146;IN_0027;Comfort;Conforto;Seat heating;Aquecimento de bancos;Heating (RR seat);Bancos traseiros com aquecimento;;;860.00;0.00;;;;;;
150;IN_0030;Comfort;Conforto;Seat massage;Bancos com massagem;Massage (driver);Banco do motorista com massagem;;;250.00;0.00;;;;;;
151;IN_0031;Comfort;Conforto;Seat massage;Bancos com massagem;Massage (Passenger);Banco do passageiro com massagem;;;250.00;0.00;;;;;;
152;IN_0065;Comfort;Conforto;Seat massage;Bancos com massagem;Massage (RR);Bancos traseiros com massagem;;;500.00;0.00;;;;;;
153;IN_0032;Comfort;Conforto;Seat massage;Bancos com massagem;VIP seat (Passenger);Banco do passageiro VIP;;;250.00;0.00;;;;;;
147;IN_0028;Comfort;Conforto;Seat ventilation;Bancos ventilados;Ventilated (Driver);Banco do motorista ventilados;;;600.00;0.00;;;;;;
148;IN_0029;Comfort;Conforto;Seat ventilation;Bancos ventilados;Ventilated (Passenger);Banco do passageiro ventilados;;;600.00;0.00;;;;;;
149;IN_0059;Comfort;Conforto;Seat ventilation;Bancos ventilados;Ventilated (RR);Bancos traseiros ventilados;;;600.00;0.00;;;;;;
160;IN_0038;Comfort;Conforto;Steering Wheel;Volante;Heated;Volante aquecido;;;570.00;0.00;;;;;;
154;IN_0033;Comfort;Conforto;Steering Wheel;Volante;Power Steering (EPS);Direçăo elétrica;;;1080.00;0.00;;;;;;
158;IN_0036;Comfort;Conforto;Steering Wheel;Volante;Steering Wheel adjustment;Ajuste do volante;Electric tilt & Telescopic;Ajuste elétrico de altura e profundidade;0.00;570.00;;;;;;
155;IN_1013;Comfort;Conforto;Steering Wheel;Volante;Steering Wheel adjustment;Ajuste do volante;Fixed;Fixo;0.00;0.00;;;;;;
156;IN_0034;Comfort;Conforto;Steering Wheel;Volante;Steering Wheel adjustment;Ajuste do volante;Tilt;Ajuste de altura;0.00;110.00;;;;;;
157;IN_0035;Comfort;Conforto;Steering Wheel;Volante;Steering Wheel adjustment;Ajuste do volante;Tilt & Telescopic;Ajuste de altura e profundidade;0.00;330.00;;;;;;
185;IN_0058;Comfort;Conforto;Storage box;Console central;Cooling;Refrigerado;;;110.00;0.00;;;;;;
184;IN_0057;Comfort;Conforto;Storage box;Console central;Illuminated;Iluminado;;;20.00;0.00;;;;;;
183;IN_0056;Comfort;Conforto;Storage box;Console central;Storage box;;Storage box;;50.00;0.00;;;;;;
173;IN_0048;Comfort;Conforto;Sunglasses holder;Porta óculos;Sunglasses holder;Porta óculos;;;30.00;0.00;;;;;;
170;IN_0045;Comfort;Conforto;Sunvisor;Para-sol;Illumination;Iluminado;Bulb;Halógeno;0.00;40.00;;;;;;
171;IN_0046;Comfort;Conforto;Sunvisor;Para-sol;Illumination;Iluminado;LED;LED;0.00;50.00;;;;;;
169;IN_1019;Comfort;Conforto;Sunvisor;Para-sol;Illumination;Iluminado;None;None;0.00;0.00;;;;;;
172;IN_0047;Comfort;Conforto;Sunvisor;Para-sol;Vanity mirror;Espelho;;;50.00;0.00;;;;;;
116;EX_0043;Design;Design;Dual exhaust pipes;Escapamento duplo;Dual exhaust pipes;Escapamento duplo;Dual exhaust pipes;;290.00;0.00;;;;;;
162;IN_0040;Design;Design;Interior lighting;Iluminaçăo interior;Ambient light;Iluminaçăo ambiente;;;100.00;0.00;;;;;;
167;IN_0043;Design;Design;Interior lighting;Iluminaçăo interior;Luggage lamp;Iluminaçăo no porta malas;Bulb;Halógeno;0.00;40.00;;;;;;
168;IN_0044;Design;Design;Interior lighting;Iluminaçăo interior;Luggage lamp;Iluminaçăo no porta malas;LED;LED;0.00;30.00;;;;;;
166;IN_1005;Design;Design;Interior lighting;Iluminaçăo interior;Luggage lamp;Iluminaçăo no porta malas;None;None;0.00;0.00;;;;;;
164;IN_0041;Design;Design;Interior lighting;Iluminaçăo interior;Reading lamps;Luzes de leitura;Bulb;Halógeno;0.00;40.00;;;;;;
165;IN_0042;Design;Design;Interior lighting;Iluminaçăo interior;Reading lamps;Luzes de leitura;LED;LED;0.00;60.00;;;;;;
163;IN_1004;Design;Design;Interior lighting;Iluminaçăo interior;Reading lamps;Luzes de leitura;None;None;0.00;0.00;;;;;;
106;EX_0034;Design;Design;O/S handles;Maçanetas externas;Flush type;Maçanetas externas retráteis;;;300.00;0.00;;;;;;
96;EX_0044;Design;Design;Rear illumination;Iluminaçăo traseira;Corner Window Charging Indicator Light;Indicador externo de carga na coluna C;;;200.00;0.00;;;;;;
112;EX_0039;Design;Design;Rear spoiler;Aerofólio traseiro;Rear spoiler;Aerofólio traseiro;;;350.00;0.00;;;;;;
65;EX_0001;Design;Design;Rims;Rodas;Alloy Wheels;Rodas;;;720.00;0.00;;;;;;
66;EX_0002;Design;Design;Rims;Rodas;Wheels diameter;Diâmetro de rodas;;;270.00;0.00;;;;;;
113;EX_0040;Design;Design;Shark antenna;Antena;Shark antenna;Antena tubarăo;;;50.00;0.00;;;;;;
109;EX_0036;Design;Design;Sunroof;Teto solar;Sunroof;Teto solar;Fixed glass roof;Fixo panorama;0.00;3420.00;;;;;;
107;EX_1009;Design;Design;Sunroof;Teto solar;Sunroof;Teto solar;None;None;0.00;0.00;;;;;;
108;EX_0035;Design;Design;Sunroof;Teto solar;Sunroof;Teto solar;Power compact;Elétrico convencional;0.00;2760.00;;;;;;
110;EX_0037;Design;Design;Sunroof;Teto solar;Sunroof;Teto solar;Power panorama;Elétrico panorama;0.00;4040.00;;;;;;
68;EX_0004;Design;Design;Tires;Pneus;Ratio;Altura do pneu;Ratio;;0.00;0.00;;;;;;
5;DM_0005;Driveability;Dirigibilidade;Ground clearance (mm);Altura do solo;Ground clearance;Altura do solo;;;0.00;0.00;;;;;;
52;PW_0042;Driveability;Dirigibilidade;Suspension;Suspensăo;FR Suspension;Suspensăo dianteira McPherson;FR McPherson;;0.00;0.00;;;;;;
53;PW_0043;Driveability;Dirigibilidade;Suspension;Suspensăo;RR Suspension;Suspensăo traseira;RR McPherson;McPherson;0.00;0.00;;;;;;
54;PW_0044;Driveability;Dirigibilidade;Suspension;Suspensăo;RR Suspension;Suspensăo traseira;RR Multilink;Multilink;0.00;500.00;;;;;;
189;CO_0003;Driveability;Dirigibilidade;TGS Knob;Manopla de câmbio;Paddle shifts;Aletas de troca de marcha;;;290.00;0.00;;;;;;
186;CO_1011;Driveability;Dirigibilidade;TGS Knob;Manopla de câmbio;TGS Knob;Manopla de câmbio;Regular;Convencional;0.00;0.00;;;;;;
187;CO_0001;Driveability;Dirigibilidade;TGS Knob;Manopla de câmbio;TGS Knob;Manopla de câmbio;SBW (shift by wire);Shift by wire;0.00;300.00;;;;;;
188;CO_0002;Driveability;Dirigibilidade;TGS Knob;Manopla de câmbio;TGS Knob;Manopla de câmbio;Steering column shift;Na coluna de direçăo;0.00;500.00;;;;;;
33;PW_0020;Driveability;Dirigibilidade;Transmission;Transmissăo;# of Speed;Número de marchas / velocidades;;;500.00;0.00;;;;;;
29;PW_0045;Driveability;Dirigibilidade;Transmission;Transmissăo;Transmission type;Tipo de transmissăo;AT;Automática;0.00;4280.00;;;;;;
31;PW_0018;Driveability;Dirigibilidade;Transmission;Transmissăo;Transmission type;Tipo de transmissăo;CVT;CVT;0.00;5180.00;;;;;;
30;PW_0017;Driveability;Dirigibilidade;Transmission;Transmissăo;Transmission type;Tipo de transmissăo;DCT;Dupla Embreagem;0.00;5990.00;;;;;;
32;PW_0019;Driveability;Dirigibilidade;Transmission;Transmissăo;Transmission type;Tipo de transmissăo;DHT;DHT;0.00;7000.00;;;;;;
28;PW_0016;Driveability;Dirigibilidade;Transmission;Transmissăo;Transmission type;Tipo de transmissăo;MT;Manual;0.00;0.00;;;;;;
8;DM_0008;Driveability;Dirigibilidade;Weight;Peso;Curb weight;Peso em ordem de marcha;;;0.00;0.00;;;;;;
9;DM_0009;Driveability;Dirigibilidade;Weight;Peso;Gross vehicle weight;Peso bruto;;;0.00;0.00;;;;;;
10;DM_0010;Driveability;Dirigibilidade;Weight;Peso;Load capacity;Capacidade de carga;;;0.00;0.00;;;;;;
11;DM_0011;Driveability;Dirigibilidade;Weight;Peso;Maximum towing capacity;Capacidade máxima de traçăo;;;0.00;0.00;;;;;;
3;DM_0003;Space;Espaco;Height (mm);Altura;Height;Altura;;;0.00;0.00;;;;;;
1;DM_0001;Space;Espaco;Length (mm);Comprimento;Length;Comprimento;;;0.00;0.00;;;;;;
4;DM_0004;Space;Espaco;Wheelbase (mm);Entre-eixos;Wheelbase;Entre-eixos;;;0.00;0.00;;;;;;
2;DM_0002;Space;Espaco;Width (mm);Largura;Width;Largura;;;0.00;0.00;;;;;;
61;OW_0007;Ownership;Ownership;Autonomy;Autonomia;E-Range;Autonomia elétrica;;;0.00;0.00;;;;;;
62;OW_0008;Ownership;Ownership;Autonomy;Autonomia;TTL autonomy;Autonomia total;;;0.00;0.00;;;;;;
39;PW_0028;Ownership;Ownership;Battery;Bateria;Battery capacity;Capacidade da bateria;;;500.00;0.00;;;;;;
40;PW_0029;Ownership;Ownership;Battery;Bateria;Max charge AC;Capacidade máxima de carregamento AC;;;0.00;10.00;;;;;;
41;PW_0030;Ownership;Ownership;Battery;Bateria;Max charge DC;Capacidade máxima de carregamento DC;;;0.00;10.00;;;;;;
42;PW_0031;Ownership;Ownership;Battery;Bateria;V2L function;Funçăo V2L;;;100.00;0.00;;;;;;
64;OW_0010;Ownership;Ownership;Electric system warranty;Garantia do sistema de alta voltagem;Electric system warranty;Garantia do sistema elétrico;;;0.00;0.00;;;;;;
318;PW_FUEL_004;Ownership;Ownership;Fuel;Combustível;Fuel type;Tipo de combustível;Diesel;Diesel;0.00;0.00;;;;;;
320;PW_FUEL_006;Ownership;Ownership;Fuel;Combustível;Fuel type;Tipo de combustível;Electric;Elétrico;0.00;0.00;;;;;;
316;PW_FUEL_002;Ownership;Ownership;Fuel;Combustível;Fuel type;Tipo de combustível;Etanol;Etanol;0.00;0.00;;;;;;
317;PW_FUEL_003;Ownership;Ownership;Fuel;Combustível;Fuel type;Tipo de combustível;Flex;Flex Fuel;0.00;0.00;;;;;;
315;PW_FUEL_001;Ownership;Ownership;Fuel;Combustível;Fuel type;Tipo de combustível;Gasoline;Gasolina;0.00;0.00;;;;;;
319;PW_FUEL_005;Ownership;Ownership;Fuel;Combustível;Fuel type;Tipo de combustível;Hidrogen;Hidrogęnio;0.00;0.00;;;;;;
60;OW_0006;Ownership;Ownership;Fuel tank;Tanque de combustível;Fuel tank;Tanque de combustível;;;0.00;0.00;;;;;;
55;OW_0001;Ownership;Ownership;Inmetro;Inmetro;FE;Eficięncia energática (MJ/Km);;;0.00;0.00;;;;;;
59;OW_0005;Ownership;Ownership;Inmetro;Inmetro;Road (ethanol);Consumo rodoviário (etanol km/L);;;0.00;0.00;;;;;;
57;OW_0003;Ownership;Ownership;Inmetro;Inmetro;Road (gasoline);Consumo rodoviário (gasolina km/L);;;0.00;0.00;;;;;;
58;OW_0004;Ownership;Ownership;Inmetro;Inmetro;Urban (ethanol);Consumo urbano (etanol km/L);;;0.00;0.00;;;;;;
56;OW_0002;Ownership;Ownership;Inmetro;Inmetro;Urban (gasoline);Consumo urbano (gasolina km/L);;;0.00;0.00;;;;;;
63;OW_0009;Ownership;Ownership;Total warranty;Garantia total;Total warranty;Garantia total;;;0.00;860.00;;;;;;
47;PW_0037;Performance;Performance;Combined performance;Performance combinada;0-100 km/h acceleration;Aceleraçăo 0-100km/h;;;0.00;0.00;;;;;;
48;PW_0038;Performance;Performance;Combined performance;Performance combinada;Max speed;Velocidade máxima;;;0.00;0.00;;;;;;
45;PW_0035;Performance;Performance;Combined performance;Performance combinada;Power x weight;Relaçăo peso / potęncia;;;0.00;0.00;;;;;;
46;PW_0036;Performance;Performance;Combined performance;Performance combinada;Torque x weight;Relaçăo peso / torque;;;0.00;0.00;;;;;;
43;PW_0032;Performance;Performance;Combined performance;Performance combinada;Total max power;Potęncia máxima total;;;30.00;0.00;;;;;;
44;PW_0033;Performance;Performance;Combined performance;Performance combinada;Total max torque;Torque máximo total;;;20.00;0.00;;;;;;
21;PW_0008;Performance;Performance;Combustion engine;Motor a combustăo;Cylinders;Cilindros;;;0.00;0.00;;;;;;
17;PW_0005;Performance;Performance;Combustion engine;Motor a combustăo;Displacement;Cilindrada;;;0.00;0.00;;;;;;
22;PW_0009;Performance;Performance;Combustion engine;Motor a combustăo;Engine type;Tipo de motor ŕ combustăo;Inline cylinders;Cilindros em linha;0.00;0.00;;;;;;
23;PW_0010;Performance;Performance;Combustion engine;Motor a combustăo;Engine type;Tipo de motor ŕ combustăo;V cylinders;Cilindros em V;0.00;50.00;;;;;;
24;PW_0011;Performance;Performance;Combustion engine;Motor a combustăo;Max power;Potęncia máxima;;;0.00;30.00;;;;;;
25;PW_0012;Performance;Performance;Combustion engine;Motor a combustăo;Max torque;Torque máximo;;;0.00;20.00;;;;;;
26;PW_0014;Performance;Performance;Combustion engine;Motor a combustăo;Rotation max power;RPM da potęncia máxima;;;0.00;0.00;;;;;;
27;PW_0015;Performance;Performance;Combustion engine;Motor a combustăo;Rotation max torque;RPM do torque máximo;;;0.00;0.00;;;;;;
18;PW_1008;Performance;Performance;Combustion engine;Motor a combustăo;Turbocharger;Aspirado;;;0.00;0.00;;;;;;
19;PW_0006;Performance;Performance;Combustion engine;Motor a combustăo;Turbocharger;Turbo;;;0.00;2600.00;;;;;;
20;PW_0007;Performance;Performance;Combustion engine;Motor a combustăo;Turbocharger;Injeçăo direta;;;0.00;2600.00;;;;;;
35;PW_0022;Performance;Performance;Electric engine;Motor elétrico;FR Max power;Potęncia máxima do motor elétrico dianteiro;;;0.00;0.00;;;;;;
36;PW_0023;Performance;Performance;Electric engine;Motor elétrico;FR Max torque;Torque máximo do motor elétrico dianteiro;;;0.00;0.00;;;;;;
34;PW_0021;Performance;Performance;Electric engine;Motor elétrico;Permanent Magnet Synchronous Motor (PMSM);;Permanent Magnet Synchronous Motor (PMSM);;0.00;0.00;;;;;;
37;PW_0025;Performance;Performance;Electric engine;Motor elétrico;RR Max power;Potęncia máxima do motor elétrico dianteiro;;;0.00;0.00;;;;;;
38;PW_0026;Performance;Performance;Electric engine;Motor elétrico;RR Max torque;Torque máximo do motor elétrico traseiro;;;0.00;0.00;;;;;;
16;PW_0004;Performance;Performance;Engine type;Tipo de motor;Engine tech;Tipo de motor;EV;Elétrico;0.00;34200.00;;;;;;
14;PW_0002;Performance;Performance;Engine type;Tipo de motor;Engine tech;Tipo de motor;HEV;Híbrido pleno;0.00;14250.00;;;;;;
12;PW_1015;Performance;Performance;Engine type;Tipo de motor;Engine tech;Tipo de motor;ICE;Combustăo;0.00;0.00;;;;;;
13;PW_0001;Performance;Performance;Engine type;Tipo de motor;Engine tech;Tipo de motor;MHEV;Híbrido level;0.00;7130.00;;;;;;
15;PW_0003;Performance;Performance;Engine type;Tipo de motor;Engine tech;Tipo de motor;PHEV;Híbrido plug-in;0.00;28500.00;;;;;;
51;PW_0041;Performance;Performance;Traction;Traçăo;Traction;Traçăo;AWD;AWD;0.00;8100.00;;;;;;
49;PW_0039;Performance;Performance;Traction;Traçăo;Traction;Traçăo;FWD;Dianteira;0.00;0.00;;;;;;
50;PW_0040;Performance;Performance;Traction;Traçăo;Traction;Traçăo;RWD;Traseira;0.00;2850.00;;;;;;
300;AD_0009;Safety;Seguranca;ADAS;ADAS;ACC (Adaptative Cruise Control);Controle de cruzeiro adaptativo;;;1000.00;0.00;;;;;;
295;AD_0004;Safety;Seguranca;ADAS;ADAS;AEB (Autonomous Emergency Braking);Frenagem autômona de emergęncia;;;500.00;0.00;;;;;;
296;AD_0005;Safety;Seguranca;ADAS;ADAS;AEB Junction Turning (JT);Frenagem autômona de emergęncia em conversăo;;;250.00;0.00;;;;;;
310;AD_0019;Safety;Seguranca;ADAS;ADAS;BCA (Blind Spot Collision Avoidance Assist);Assistente de prevençăo de colisăo de ponto cego;;;500.00;0.00;;;;;;
309;AD_0018;Safety;Seguranca;ADAS;ADAS;BSD (BSD blind spot monitoring);Assistente de monitoramento de ponto cego;;;1000.00;0.00;;;;;;
311;AD_0020;Safety;Seguranca;ADAS;ADAS;BSM (Blind Spot Monitor);Câmera para monitoramento de ponto cego;;;500.00;0.00;;;;;;
303;AD_0012;Safety;Seguranca;ADAS;ADAS;CSA (Curve Speed-control Assist);Assistente de velocidade em curva;;;250.00;0.00;;;;;;Reduz a velocidade ao entrar em uma curva com o ACC ligado
301;AD_0010;Safety;Seguranca;ADAS;ADAS;DAI (DAI Leaving Reminder System);Alerta de partida do veículo ŕ frente;;;250.00;0.00;;;;;;
314;AD_0023;Safety;Seguranca;ADAS;ADAS;DMS (Driver Monitoring System);Monitoramento de fadiga do motorista;;;500.00;0.00;;;;;;
312;AD_0021;Safety;Seguranca;ADAS;ADAS;DOW (Door Open Warning);Alerta de abertura de portas;;;250.00;0.00;;;;;;
307;AD_0016;Safety;Seguranca;ADAS;ADAS;ELK (Emergency lane keeping);Sistema de manutençăo de faixa de emergęncia;;;250.00;0.00;;;;;;Impede a troca de faixa ao detectar risco de colisăo lateral sem a seta ligada
293;AD_0002;Safety;Seguranca;ADAS;ADAS;FCW (Front Collision Warning);Alerta de colisăo frontal (veículos);;;1200.00;0.00;;;;;;
294;AD_0003;Safety;Seguranca;ADAS;ADAS;FCW Advanced (Front Collision Warning);Alerta de colisăo frontal (veículos, pedestres e ciclistas);;;1500.00;0.00;;;;;;
308;AD_0017;Safety;Seguranca;ADAS;ADAS;LCA (Lane Change Assist);Assistente de mudança de faixa;;;250.00;0.00;;;;;;Com a seta ligada, ao detectar risco de colisăo lateral, emite um aviso para o motorista
304;AD_0013;Safety;Seguranca;ADAS;ADAS;LDW  (Lane Departure Warning System);Alerta de saida de faixa de rodagem;;;550.00;0.00;;;;;;Emite um alerta ao detectar mudança de faixa sem a seta ligada
306;AD_0015;Safety;Seguranca;ADAS;ADAS;LFA (Lane Following Assistance);Assistente de centralizaçăo de faixa;;;250.00;0.00;;;;;;
305;AD_0014;Safety;Seguranca;ADAS;ADAS;LKA  (Lane Keep Assistance);Assistente de manutençăo de faixa;;;500.00;0.00;;;;;;Corrige a faixa de rodagem ao detectar mudança sem a seta ligada
298;AD_0007;Safety;Seguranca;ADAS;ADAS;RCTA (Rear Cross Traffic Alert);Alerta de tráfego cruzado traseiro;;;500.00;0.00;;;;;;
299;AD_0008;Safety;Seguranca;ADAS;ADAS;RCTB (Rear Cross Traffic Braking);Assistente de prevençăo de colisăo traseira em trafego cruzado;;;500.00;0.00;;;;;;
297;AD_0006;Safety;Seguranca;ADAS;ADAS;RCW (Rear Collision Warning System);Alerta de colisăo traseira;;;500.00;0.00;;;;;;
292;AD_0001;Safety;Seguranca;ADAS;ADAS;ROA (Rear Occupant Alert);Alerta de ocupantes no banco traseiro;;;400.00;0.00;;;;;;
313;AD_0022;Safety;Seguranca;ADAS;ADAS;SLA (Speed Limit Assist);Assistente de limite de velocidade;;;1000.00;0.00;;;;;;
302;AD_0011;Safety;Seguranca;ADAS;ADAS;TJA (Traffic Jam Assist);Assistente de congestionamento;;;250.00;0.00;;;;;;
259;SF_0014;Safety;Seguranca;Airbags;Airbags;Central side airbags (FR);Airbags laterais centrais;;;550.00;0.00;;;;;;
260;SF_0015;Safety;Seguranca;Airbags;Airbags;Curtain airbags;Airbags de cortina;;;1450.00;0.00;;;;;;
256;SF_0011;Safety;Seguranca;Airbags;Airbags;Front airbags;Airbags dianteiros;;;1500.00;0.00;;;;;;
261;SF_0016;Safety;Seguranca;Airbags;Airbags;Knee airbag (driver);Airbag de joelho para motorista;;;550.00;0.00;;;;;;
257;SF_0012;Safety;Seguranca;Airbags;Airbags;Side airbags (FR);Airbags laterais dianteiros;;;640.00;0.00;;;;;;
258;SF_0013;Safety;Seguranca;Airbags;Airbags;Side airbags (RR);Airbags laterais traseiros;;;540.00;0.00;;;;;;
290;SF_0044;Safety;Seguranca;Anti Theft Alarm;Alarme;Anti Theft Alarm;Alarme anti-furto;;;320.00;0.00;;;;;;
263;SF_0018;Safety;Seguranca;Brakes;Freios;ABS (Anti-lock Braking System);Freios ABS;;;1430.00;0.00;;;;;;
275;SF_0030;Safety;Seguranca;Brakes;Freios;Auto hold;Funçăo autohold;;;50.00;0.00;;;;;;
265;SF_0020;Safety;Seguranca;Brakes;Freios;BAS (Brake Assist System);Sistema de assistância de frenagem;;;50.00;0.00;;;;;;
266;SF_0021;Safety;Seguranca;Brakes;Freios;BOS (Brake Override System);Sistema de prioridade de frenagem;;;50.00;0.00;;;;;;
264;SF_0019;Safety;Seguranca;Brakes;Freios;EBD (Electronic Brakeforce Distribution);Distribuiçăo eletrônica de frenagem;;;50.00;0.00;;;;;;
274;SF_0029;Safety;Seguranca;Brakes;Freios;Eletronic Parking Brake;Freio de estacionamento eletrônico;;;480.00;0.00;;;;;;
271;SF_0026;Safety;Seguranca;Brakes;Freios;Front ventilated disc brakes;Freios dianteiros a disco ventilado;;;0.00;0.00;;;;;;
268;SF_0023;Safety;Seguranca;Brakes;Freios;Hill Assist Control (HAC);Assistente de subida de rampa (HAC);;;110.00;0.00;;;;;;
269;SF_0024;Safety;Seguranca;Brakes;Freios;Hill Descent Control (HDC);Assistente de descida de rampa (HDC);;;190.00;0.00;;;;;;
270;SF_0025;Safety;Seguranca;Brakes;Freios;Rear brakes;Freios traseiros;Disc;Disco;260.00;0.00;;;;;;
273;SF_0028;Safety;Seguranca;Brakes;Freios;Rear brakes;Freios traseiros;Drum;Tambor;0.00;0.00;;;;;;
272;SF_0027;Safety;Seguranca;Brakes;Freios;Rear solid disc brakes;Freios traseiros ŕ disco sólido;;;0.00;0.00;;;;;;
267;SF_0022;Safety;Seguranca;Brakes;Freios;VSC (Vehicle Stability Control);Controle de estabilidade (VSC);;;990.00;0.00;;;;;;
247;SF_0002;Safety;Seguranca;Child safety lock;Trava de segurança;Child Lock;Trava de segurança infantil;Electronic;Elétrica;0.00;100.00;;;;;;
246;SF_0001;Safety;Seguranca;Child safety lock;Trava de segurança;Child Lock;Trava de segurança infantil;Mechanical;Mecânica;0.00;0.00;;;;;;
283;SF_0037;Safety;Seguranca;Automatic Door Lock;Travas automáticas nas portas;Crash-Activated Door Unlock;Destravamento automático em caso de colisăo;;;20.00;0.00;;;;;;
287;SF_0041;Safety;Seguranca;Dashcam;Câmera de bordo;Dashcam;Câmera de bordo;;;570.00;0.00;;;;;;
286;SF_0040;Safety;Seguranca;EDR (Event data recorder);EDR;EDR (Event data recorder);EDR (gravador de imagens);;;100.00;0.00;;;;;;
77;EX_0011;Safety;Seguranca;Front illumination;Iluminaçăo dianteira;Auto Light Control;Faróis com acendimento automático;;;120.00;0.00;;;;;;
89;EX_0021;Safety;Seguranca;Front illumination;Iluminaçăo dianteira;Door courtesy lamp;Iluminaçăo de cortesia na porta;;;60.00;0.00;;;;;;
81;EX_0014;Safety;Seguranca;Front illumination;Iluminaçăo dianteira;DRL;Luzes diurnas;Bulb;Halógeno;0.00;140.00;;;;;;
82;EX_0015;Safety;Seguranca;Front illumination;Iluminaçăo dianteira;DRL;Luzes diurnas;LED;LED;0.00;480.00;;;;;;
80;EX_1002;Safety;Seguranca;Front illumination;Iluminaçăo dianteira;DRL;Luzes diurnas;None;None;0.00;0.00;;;;;;
79;EX_0013;Safety;Seguranca;Front illumination;Iluminaçăo dianteira;Electric height adjustment;Ajuste elétrico de altura dos faróis;;;50.00;0.00;;;;;;
85;EX_0017;Safety;Seguranca;Front illumination;Iluminaçăo dianteira;FR Fog lamps;Faróis de neblina dianteiros;Bulb;Halógeno;0.00;420.00;;;;;;
86;EX_0018;Safety;Seguranca;Front illumination;Iluminaçăo dianteira;FR Fog lamps;Faróis de neblina dianteiros;LED;LED;0.00;680.00;;;;;;
84;EX_1001;Safety;Seguranca;Front illumination;Iluminaçăo dianteira;FR Fog lamps;Faróis de neblina dianteiros;None;None;0.00;0.00;;;;;;
88;EX_0020;Safety;Seguranca;Front illumination;Iluminaçăo dianteira;FR dynamic turn signals;Setas dianteiras em LED com sequencial;;;50.00;0.00;;;;;;
78;EX_0012;Safety;Seguranca;Front illumination;Iluminaçăo dianteira;IHC (Intelligent high beam control);Controle inteligente de farol alto;;;410.00;0.00;;;;;;
83;EX_0016;Safety;Seguranca;Front illumination;Iluminaçăo dianteira;LED decorative lights;Luzes decorativas de LED;;;200.00;0.00;;;;;;
75;EX_0009;Safety;Seguranca;Front illumination;Iluminaçăo dianteira;LED headlamps;Faróis dianteiros em LED;Full;Full LED;0.00;2630.00;;;;;;
73;EX_1016;Safety;Seguranca;Front illumination;Iluminaçăo dianteira;LED headlamps;Faróis dianteiros em LED;None;None;0.00;0.00;;;;;;
74;EX_0008;Safety;Seguranca;Front illumination;Iluminaçăo dianteira;LED headlamps;Faróis dianteiros em LED;Partial;Parcial;0.00;2180.00;;;;;;
87;EX_0019;Safety;Seguranca;Front illumination;Iluminaçăo dianteira;LED side turn signal lamp;Luzes de seta em LED;;;200.00;0.00;;;;;;
72;EX_0007;Safety;Seguranca;Front illumination;Iluminaçăo dianteira;Projection headlamp;Faróis de projeçăo;;;220.00;0.00;;;;;;
76;EX_0010;Safety;Seguranca;Front illumination;Iluminaçăo dianteira;Welcome function;Funçăo welcome dos faróis;;;50.00;0.00;;;;;;
291;SF_0045;Safety;Seguranca;Immobilizer;Imobilizador;Immobilizer;Imobilizador eletrônico;;;290.00;0.00;;;;;;
92;EX_0023;Safety;Seguranca;Rear illumination;Iluminaçăo traseira;Fog lamps;Lanternas de neblina;Bulb;Halógeno;0.00;420.00;;;;;;
93;EX_0024;Safety;Seguranca;Rear illumination;Iluminaçăo traseira;Fog lamps;Lanternas de neblina;LED;LED;0.00;680.00;;;;;;
91;EX_1018;Safety;Seguranca;Rear illumination;Iluminaçăo traseira;Fog lamps;Lanternas de neblina;None;None;0.00;0.00;;;;;;
94;EX_0025;Safety;Seguranca;Rear illumination;Iluminaçăo traseira;LED brake light;Luz central de frenagem em LED;;;50.00;0.00;;;;;;
90;EX_0022;Safety;Seguranca;Rear illumination;Iluminaçăo traseira;LED rear lamps;Lanternas em LED;;;640.00;0.00;;;;;;
95;EX_0026;Safety;Seguranca;Rear illumination;Iluminaçăo traseira;RR dynamic turn signals ;Setas traseiras em LED com sequencial;;;50.00;0.00;;;;;;
249;SF_0004;Safety;Seguranca;Seat belt;Cintos de segurança;Front Row Load-Limiting;Limitador de carga do cinto dianteiro;;;20.00;0.00;;;;;;
251;SF_0006;Safety;Seguranca;Seat belt;Cintos de segurança;Front Row Pretensioner ;Pré-tensionador do cinto dianteiro;;;20.00;0.00;;;;;;
254;SF_0009;Safety;Seguranca;Seat belt;Cintos de segurança;Front row seat belt reminder;Lembrete do cinto de segurança dianteiro;;;100.00;0.00;;;;;;
253;SF_0008;Safety;Seguranca;Seat belt;Cintos de segurança;ISOFIX Interface;Isofix;;;50.00;0.00;;;;;;
248;SF_0003;Safety;Seguranca;Seat belt;Cintos de segurança;Second Row Height-Adjustable;Ajuste de altura do cinto traseiro;;;170.00;0.00;;;;;;
250;SF_0005;Safety;Seguranca;Seat belt;Cintos de segurança;Second Row Load-Limiting;Limitador de carga do cinto traseiro;;;20.00;0.00;;;;;;
252;SF_0007;Safety;Seguranca;Seat belt;Cintos de segurança;Second Row Pretensioner;Pré-tensionador do cinto traseiro;;;20.00;0.00;;;;;;
255;SF_0010;Safety;Seguranca;Seat belt;Cintos de segurança;Second row seat belt reminder;Lembrete do cinto de segurança traseiro;;;100.00;0.00;;;;;;
71;EX_0006;Safety;Seguranca;Spare tire;Estepe;Spare tire;Estepe;Full Size;Convencional;0.00;410.00;;;;;;
69;EX_1007;Safety;Seguranca;Spare tire;Estepe;Spare tire;Estepe;Repair kit;Kit de reparo;0.00;0.00;;;;;;
70;EX_0005;Safety;Seguranca;Spare tire;Estepe;Spare tire;Estepe;Temporary;Estepe temporário;0.00;200.00;;;;;;
262;SF_0017;Safety;Seguranca;TCS (Traction Control System);Controle de traçăo;TCS (Traction Control System);Controle de traçăo;;;480.00;0.00;;;;;;
67;EX_0003;Safety;Seguranca;Tires;Pneus;Tires width;Largura dos pneus;;;20.00;0.00;;;;;;
288;SF_0042;Safety;Seguranca;TPMS (Tire Pressure Monitor System);TPMS;TPMS (Tire Pressure Monitor System);Sistema de monitoramento de pressăo nos pneus;;;380.00;0.00;;;;;;
285;SF_0039;Technology;Tecnologia;Automatic Door Lock;Travas automáticas nas portas;Automatic Door Lock;Bloqueio automático das portas em movimento;;;50.00;0.00;;;;;;
284;SF_0038;Technology;Tecnologia;Central Door Lock;Travamento central;Central Door Lock;Travamento central das portas;;;420.00;0.00;;;;;;
206;CO_0017;Technology;Tecnologia;Cluster;Painel;Cluster Size;Tamanho do painel;;;190.00;0.00;;;;;;
207;CO_0018;Technology;Tecnologia;Cluster;Painel;HUD;Cockpit digital colorido (HUD);;;1610.00;0.00;;;;;;
190;CO_0004;Technology;Tecnologia;Drive mode select;Seletor de modo de direçăo;Drive mode select;Seletor de modo de conduçăo;;;110.00;0.00;;;;;;
244;CO_0051;Technology;Tecnologia;Fuel Filler Power Release;Abertura elétrica do tanque de combustível;Fuel Filler Power Release;Abertura elétrica do tanque de combustível;;;100.00;0.00;;;;;;
177;IN_0050;Technology;Tecnologia;Inside Mirror;Espelho retrovisor interno;Digital;Espelho interno;Digital;Digital;860.00;0.00;;;;;;
176;IN_0049;Technology;Tecnologia;Inside Mirror;Espelho retrovisor interno;I/S electrochromic mirror (ECM);Espelho interno;I/S electrochromic mirror (ECM);Eletrocrômicro;310.00;0.00;;;;;;
241;CO_0048;Technology;Tecnologia;Keyless entry;Entrada remota;Button Start;Botăo de partida;;;200.00;0.00;;;;;;
242;CO_0049;Technology;Tecnologia;Keyless entry;Entrada remota;Contactless Power-On;Partida sem contato;;;400.00;0.00;;;;;;
243;CO_0050;Technology;Tecnologia;Keyless entry;Entrada remota;E/G Remote Control;Partida remota por controle;;;370.00;0.00;;;;;;
240;CO_0047;Technology;Tecnologia;Keyless entry;Entrada remota;NFC card;Cartăo NFC;;;100.00;0.00;;;;;;
239;CO_0046;Technology;Tecnologia;Keyless entry;Entrada remota;Smart Key;Chave inteligente;;;900.00;0.00;;;;;;
278;SF_0033;Technology;Tecnologia;Parking assist;Assistente de estacionamento;Auto Parking;Assistente de estacionamento;;;890.00;0.00;;;;;;
277;SF_0032;Technology;Tecnologia;Parking assist;Assistente de estacionamento;Back Warning System;Sensor de estacionamento traseiro;;;630.00;0.00;;;;;;
281;SF_0035;Technology;Tecnologia;Parking assist;Assistente de estacionamento;Camera;Câmera;360;360°;0.00;2280.00;;;;;;
282;SF_0036;Technology;Tecnologia;Parking assist;Assistente de estacionamento;Camera;Câmera;540;540°;0.00;2850.00;;;;;;
279;SF_1017;Technology;Tecnologia;Parking assist;Assistente de estacionamento;Camera;Câmera;None;None;0.00;0.00;;;;;;
280;SF_0034;Technology;Tecnologia;Parking assist;Assistente de estacionamento;Camera;Câmera;RVM;Câmera de ré;0.00;770.00;;;;;;
276;SF_0031;Technology;Tecnologia;Parking assist;Assistente de estacionamento;Front Warning System;Sensor de estacionamento dianteiro;;;630.00;0.00;;;;;;
203;CO_0014;Technology;Tecnologia;Wireless Charging Pad;Carregador de celular;Wireless Charger;Carregador por induçăo;Conventional;Convencional;0.00;400.00;;;;;;
204;CO_0015;Technology;Tecnologia;Wireless Charging Pad;Carregador de celular;Wireless Charger;Carregador por induçăo;Dual;Dual;0.00;780.00;;;;;;
202;CO_1014;Technology;Tecnologia;Wireless Charging Pad;Carregador de celular;Wireless Charger;Carregador por induçăo;None;None;0.00;0.00;;;;;;
205;CO_0016;Technology;Tecnologia;Wireless Charging Pad;Carregador de celular;With cooling;Resfriamento;;;550.00;0.00;;;;;;
